{"cameraMode":{"drawMode":0,"name":"Shaded","section":"Shading Mode"},"sceneLighting":false,"audioPlay":false,"sceneViewState":{"showFog":true,"showMaterialUpdate":false,"showSkybox":false,"showFlares":true,"showImageEffects":true,"showParticleSystems":true,"showVisualEffectGraphs":true,"m_FxEnabled":true},"in2DMode":false,"pivot":{"x":-1.3415476083755494,"y":3.2208292484283449,"z":-5.553388595581055},"rotation":{"x":0.13368207216262818,"y":0.0695171132683754,"z":-0.009280440397560597,"w":0.9886131286621094},"size":3.6509928703308107,"orthographic":true}